celltype	enterocytes	enterocytes	enterocytes	enterocytes	enterocytes	EEC	EEC	EEC	EEC	EEC	Goblet	Goblet	Goblet	Goblet	Goblet	Stem	Stem	Stem	Stem	Stem
fold	fold_0	fold_1	fold_2	fold_3	fold_4	fold_0	fold_1	fold_2	fold_3	fold_4	fold_fold	fold_fold	fold_fold	fold_fold	fold_fold	fold_fold	fold_fold	fold_fold	fold_fold	fold_fold
spearmanr	0.637267093884013	0.6327804097104471	0.6258665849078167	0.6096530568193083	0.6634163048981229	0.7006769062936857	0.6804836935072571	0.6883197771727592	0.6631791114435569	0.7213855894643909	0.7554316334323589	0.754401851330238	0.7362977907262438	0.7275894749429606	0.7584750016853875	0.6642141677916649	0.6574960237641245	0.6619671732151988	0.6419607462913836	0.6955795952463038
pearsonr	0.7124352485872048	0.7110087376312811	0.700722499062138	0.6903865532878579	0.7166864671083496	0.7572076340005423	0.7489341429249232	0.7447843225370975	0.7310045281283439	0.7557998578466559	0.7832439779553936	0.7898061868862615	0.7639525410792167	0.7679689977068493	0.7725075439783768	0.7414354633983807	0.7414530073038986	0.7389152062256962	0.7229064313682463	0.7509164581209556
mse	0.4609411253309765	0.44562565690736106	0.47884845417975164	0.45467172756638286	0.48269253164425996	0.3436867454977628	0.4022044995582951	0.3875955758063795	0.41188866107627736	0.3880982811612839	0.35343636183826316	0.35925154163849077	0.3437572151543942	0.3741962577452619	0.44081352985012956	0.43820212251214097	0.4717876189819298	0.4590761804006202	0.49428086040167474	0.4890461892732574
median_jsd	0.5229520547939531	0.5222530091710267	0.5234054667480018	0.5202451202897298	0.5101584367889564	0.5951581870945107	0.5967825796557507	0.5967580060412041	0.5965610873826739	0.5805447270756603	0.5720577722646978	0.5750970564411939	0.5741674989683343	0.5769834381283778	0.5542366167307806	0.5087273414042419	0.5074940524729382	0.5069062467749357	0.5075145440361478	0.49140186352580556
median_norm_jsd	0.26643719477170696	0.2666520577333738	0.26613702196142414	0.267799606590695	0.27591693458241195	0.20207654758536892	0.20125669978957095	0.20047701058310397	0.20143446806722318	0.21165328628217234	0.22032075995677985	0.2160510956543688	0.21871630788733995	0.2127305303616085	0.23197142495580766	0.27383042367251287	0.27507768608092603	0.27531909364016716	0.27441700009414133	0.2888475167475734
